{"Education of Generation Z": {"rank": 0.07161455980924328, "inside_category": true}, "Famous Birthdays": {"rank": 0.009375000000000001, "inside_category": true}, "Generation Z and the Israel\u00ef\u00bf\u00bdHamas war": {"rank": 0.009375000000000001, "inside_category": true}, "Generation Z in the United States": {"rank": 0.13903143413769378, "inside_category": true}, "Political views of Generation Z": {"rank": 0.12217786691519578, "inside_category": true}, "Gen-Z for Change": {"rank": 0.059508123180135084, "inside_category": true}, "Maxwell Frost": {"rank": 0.05911501159788682, "inside_category": true}, "Corecore": {"rank": 0.009375000000000001, "inside_category": true}, "I Am Gen Z": {"rank": 0.009375000000000001, "inside_category": true}, "Generation Z": {"rank": 0.21873238117971006, "inside_category": true}, "List of Generation Z slang": {"rank": 0.009375000000000001, "inside_category": true}, "Future Forum": {"rank": 0.009375000000000001, "inside_category": true}, "Voters of Tomorrow": {"rank": 0.059508123180135084, "inside_category": true}, "E-girls and e-boys": {"rank": 0.009375000000000001, "inside_category": true}, "Goblincore": {"rank": 0.013359375000000001, "inside_category": true}, "Femboy": {"rank": 0.009375000000000001, "inside_category": true}}